Treatment,Response
Control,5.514832861
Control,5.341236838
Control,5.421343006
Control,5.957206563
Control,5.033777008
Control,5.325051758
Control,5.747805464
Control,5.875984194
Control,5.929319899
Control,5.719932173
Treatment,15.0962782
Treatment,15.43002464
Treatment,15.6334485
Treatment,15.72854929
Treatment,15.63555749
Treatment,15.4753718
Treatment,15.72683693
Treatment,15.60111905
Treatment,15.46715039
Treatment,15.36330988