Treatment,Response
Control,6.867253759
Control,6.408226604
Control,6.64034825
Control,6.608853435
Control,6.206047004
Control,6.517771651
Control,6.891551425
Control,6.901691527
Control,6.246043998
Control,6.489907993
Treatment,14.59476126
Treatment,14.37344163
Treatment,14.38864313
Treatment,14.06559942
Treatment,14.98907742
Treatment,14.92317925
Treatment,14.52204479
Treatment,14.79759696
Treatment,14.98616654
Treatment,14.07379085