Treatment,Response
Control,5.271529171
Control,5.947656926
Control,5.453911701
Control,5.054433135
Control,5.542129026
Control,5.199796455
Control,5.772073602
Control,5.187560214
Control,5.181603775
Control,5.805403222
Treatment,15.17573416
Treatment,15.8968752
Treatment,15.56826212
Treatment,15.67219463
Treatment,15.43299947
Treatment,15.07667447
Treatment,15.55271683
Treatment,15.58422456
Treatment,15.27845508
Treatment,15.59794124