Treatment,Response
Control,5.786780783
Control,5.132667904
Control,5.648420039
Control,5.465064118
Control,5.219299775
Control,5.403653105
Control,5.776409627
Control,5.564115341
Control,5.295899004
Control,5.187516056
Treatment,15.53208496
Treatment,15.5239633
Treatment,15.73057634
Treatment,15.84070097
Treatment,15.18975781
Treatment,15.79402693
Treatment,15.09414576
Treatment,15.21530528
Treatment,15.72111933
Treatment,15.84079536