Treatment,Response
Control,6.199189712
Control,6.131554312
Control,6.017575278
Control,6.878449101
Control,6.961061271
Control,6.554577385
Control,6.107428198
Control,6.405569423
Control,6.915264826
Control,6.754594273
Treatment,14.51362217
Treatment,14.26277295
Treatment,14.07501913
Treatment,14.34458899
Treatment,14.17838453
Treatment,14.19405687
Treatment,14.33460455
Treatment,14.82360627
Treatment,14.9521614
Treatment,14.9751727