Treatment,Response
Control,6.478411346
Control,6.046033845
Control,6.663226948
Control,6.032439856
Control,6.189166511
Control,6.571958754
Control,6.660497442
Control,6.473876076
Control,6.259923334
Control,6.241440306
Treatment,14.00397166
Treatment,14.03815278
Treatment,14.30980878
Treatment,14.8662662
Treatment,14.27590916
Treatment,14.18546037
Treatment,14.40554242
Treatment,14.70805624
Treatment,14.17482988
Treatment,14.03510419