Treatment,Response
Control,6.565535154
Control,6.552556564
Control,6.33387803
Control,6.537101342
Control,6.599414993
Control,6.84610641
Control,6.878118978
Control,6.155098944
Control,6.603506102
Control,6.15790628
Treatment,14.68560031
Treatment,14.24268785
Treatment,14.36240194
Treatment,14.22008757
Treatment,14.66499755
Treatment,14.03320736
Treatment,14.49201616
Treatment,14.1967207
Treatment,14.2798041
Treatment,14.87403229