Treatment,Response
Control,6.714485135
Control,6.602718975
Control,6.991070607
Control,6.455488081
Control,6.48423055
Control,6.900578214
Control,6.580848179
Control,6.47843918
Control,6.865554654
Control,6.787306986
Treatment,14.02075155
Treatment,14.44328053
Treatment,14.63483903
Treatment,14.27812351
Treatment,14.76174023
Treatment,14.6443221
Treatment,14.10071828
Treatment,14.1320612
Treatment,14.89911892
Treatment,14.45728389