Treatment,Response
Control,5.554532419
Control,5.185085489
Control,5.440824609
Control,5.817016178
Control,5.085379614
Control,5.831893586
Control,5.488704301
Control,5.228130478
Control,5.796985936
Control,5.021234668
Treatment,15.65655172
Treatment,15.85096482
Treatment,15.78998244
Treatment,15.67730988
Treatment,15.26340071
Treatment,15.29626822
Treatment,15.24607059
Treatment,15.66301955
Treatment,15.56204019
Treatment,15.36800338