Treatment,Response
Control,5.969714402
Control,5.830495992
Control,5.93447609
Control,5.79204683
Control,5.49540155
Control,5.257347538
Control,5.280435658
Control,5.05676129
Control,5.461638055
Control,5.226029743
Treatment,15.74581148
Treatment,15.46185283
Treatment,15.87942347
Treatment,15.18858102
Treatment,15.40070989
Treatment,15.89885165
Treatment,15.25595216
Treatment,15.56217975
Treatment,15.11302289
Treatment,15.09757389